cell.barcode,ATGTTGC,GATTACA,ATGTAGC,GTGTAGC
ACAGCTACAAACGTGG,1,0,0,0
AAACGGGCACTTAAGC,0,1,0,0
AGCCTAAAGCGTCTAT,1,0,0,0
AAACGGGCATCTATGG,0,1,0,0
CATCAAGCACCAGATT,0,1,0,0
AAAGATGTCGAGGTAG,0,1,0,0
AGTGGGAAGCGACGTA,1,0,0,0
AACCGCGGTCCAGTTA,1,0,0,0
CTGAAGTTCCAAGTAC,1,0,0,0
TGCTGCTTCAGTCCCT,1,0,0,0
AACTCCCCATGTTGAC,0,1,0,0
CCACTACTCTAGAGTC,0,1,0,0
AACTGGTCATATGGTC,1,0,0,0
CTAACTTCAGGATTGG,0,1,0,0
AATCCAGTCGCCGTGA,0,1,0,0
AGCGTATGTGACAAAT,0,0,1,0
ACCAGTAAGCGTTGCC,0,0,0,1
TAGTGGTAGTGTCCCG,0,1,0,0
ACCCACTTCGGCATCG,1,0,0,0
ACCTTTAGTCCGAGTC,0,1,0,0
ACCGTAAGTAAAGTCA,1,0,0,0
TTGCGTCTCTCTAAGG,0,1,0,0
ACGAGCCCAAGAAAGG,0,1,0,0
CCAATCCAGGGATGGG,0,0,0,0
ACGATACCAGGGATTG,0,0,0,0
TGACTTTAGGATGGTC,0,1,0,0
ACGGGCTTCACTCTTA,0,1,0,0
GAATAAGGTATATGAG,1,0,0,0
ACTGAGTGTTTGTTTC,0,1,0,0
CAGCAGCCAATGGTCT,1,0,0,0
CCCAATCTCGCATGAT,0,1,0,0
ACTGCTCGTCTAGAGG,0,0,1,0
CGAACATTCTTGAGGT,0,0,0,1
TCTATTGGTTACGGAG,0,1,0,0
ACGCCAGAGGTCATCT,0,1,0,0
AGAATAGGTAGCGCTC,0,1,0,0
CGATGTAAGTGAACGC,1,0,0,0
AGAGCTTTCACTGGGC,1,0,0,0
GACTGCGGTTCCGGCA,1,0,0,0
AGGCCACAGTAGTGCG,0,1,0,0
CAGAGAGCAGATAATG,0,1,0,0
AGGCCGTAGAGAGCTC,0,1,0,0
CCGTACTCATGCCTAA,0,1,0,0
CGGCTAGCATGTCCTC,0,1,0,0
ATCATGGCAACACGCC,0,0,1,0
AGGTCCGTCAACACGT,1,0,0,0
GGACATTGTATTCTCT,1,0,0,0
ATCGAGTGTAATAGCA,1,0,0,0
GCATGCGGTTACGTCA,1,0,0,0
ATCTGCCCAAATCCGT,1,0,0,0